plugin_id,severity,plugin_name,port,protocol,cpe,cve,synopsis,description,solution
11111,0,RPC Services Enumeration,50330,udp,,,An ONC RPC service is running on the remote host.,"By sending a DUMP request to the portmapper, it was possible to enumerate the ONC RPC services running on the remote port.  Using this information, it is possible to connect and bind to each service by sending an RPC request to the remote port.",
11111,0,RPC Services Enumeration,47000,tcp,,,An ONC RPC service is running on the remote host.,"By sending a DUMP request to the portmapper, it was possible to enumerate the ONC RPC services running on the remote port.  Using this information, it is possible to connect and bind to each service by sending an RPC request to the remote port.",
11219,0,Nessus SYN scanner,47000,tcp,,,It is possible to determine which TCP ports are open.,"This plugin is a SYN 'half-open' port scanner.  It shall be reasonably quick even against a firewalled target.   Note that SYN scans are less intrusive than TCP (full connect) scans against broken services, but they might cause problems for less robust firewalls and also leave unclosed connections on the remote target, if the network is loaded.",Protect your target with an IP filter.
11111,0,RPC Services Enumeration,44217,tcp,,,An ONC RPC service is running on the remote host.,"By sending a DUMP request to the portmapper, it was possible to enumerate the ONC RPC services running on the remote port.  Using this information, it is possible to connect and bind to each service by sending an RPC request to the remote port.",
11111,0,RPC Services Enumeration,42167,tcp,,,An ONC RPC service is running on the remote host.,"By sending a DUMP request to the portmapper, it was possible to enumerate the ONC RPC services running on the remote port.  Using this information, it is possible to connect and bind to each service by sending an RPC request to the remote port.",
11111,0,RPC Services Enumeration,39256,udp,,,An ONC RPC service is running on the remote host.,"By sending a DUMP request to the portmapper, it was possible to enumerate the ONC RPC services running on the remote port.  Using this information, it is possible to connect and bind to each service by sending an RPC request to the remote port.",
11111,0,RPC Services Enumeration,33011,udp,,,An ONC RPC service is running on the remote host.,"By sending a DUMP request to the portmapper, it was possible to enumerate the ONC RPC services running on the remote port.  Using this information, it is possible to connect and bind to each service by sending an RPC request to the remote port.",
11154,0,Unknown Service Detection: Banner Retrieval,8787,tcp,,,There is an unknown service running on the remote host.,Nessus was unable to identify a service on the remote host even though it returned a banner of some type.,
11219,0,Nessus SYN scanner,8787,tcp,,,It is possible to determine which TCP ports are open.,"This plugin is a SYN 'half-open' port scanner.  It shall be reasonably quick even against a firewalled target.   Note that SYN scans are less intrusive than TCP (full connect) scans against broken services, but they might cause problems for less robust firewalls and also leave unclosed connections on the remote target, if the network is loaded.",Protect your target with an IP filter.
171340,4,Apache Tomcat SEoL (<= 5.5.x),8180,tcp,cpe:/a:apache:tomcat:5,,An unsupported version of Apache Tomcat is installed on the remote host.,"According to its version, Apache Tomcat is less than or equal to 5.5.x. It is, therefore, no longer maintained by its vendor or provider.  Lack of support implies that no new security patches for the product will be released by the vendor. As a result, it may contain security vulnerabilities.",Upgrade to a version of Apache Tomcat that is currently supported.
24260,0,HyperText Transfer Protocol (HTTP) Information,8180,tcp,,,Some information about the remote HTTP configuration can be extracted.,"This test gives some information about the remote HTTP protocol - the version used, whether HTTP Keep-Alive is enabled, etc...   This test is informational only and does not denote any security problem.",
12085,2,Apache Tomcat Default Files,8180,tcp,cpe:/a:apache:tomcat,,The remote web server contains default files.,"The default error page, default index page, example JSPs and/or example servlets are installed on the remote Apache Tomcat server. These files should be removed as they may help an attacker uncover information about the remote Tomcat install or host itself.",Delete the default index page and remove the example JSP and servlets. Follow the Tomcat or OWASP instructions to replace or modify the default error page.
39446,0,Apache Tomcat Detection,8180,tcp,cpe:/a:apache:tomcat,,The remote web server is an Apache Tomcat server.,"Nessus was able to detect a remote Apache Tomcat web server.  NOTE: When paranoia levels are elevated, this plugin will also consider versions obtained from responses with non-200 HTTP status codes.",
20108,0,Web Server / Application favicon.ico Vendor Fingerprinting,8180,tcp,,,The remote web server contains a graphic image that is prone to information disclosure.,The 'favicon.ico' file found on the remote web server belongs to a popular web server. This may be used to fingerprint the web server.,Remove the 'favicon.ico' file or create a custom one for your site.
10107,0,HTTP Server Type and Version,8180,tcp,,,A web server is running on the remote host.,This plugin attempts to determine the type and the version of the   remote web server.,
11422,0,Web Server Unconfigured - Default Install Page Present,8180,tcp,,,The remote web server is not configured or is improperly configured.,"The remote web server uses its default welcome page. Therefore, it's probable that this server is not used at all or is serving content that is meant to be hidden.",Disable this service if you do not use it.
22964,0,Service Detection,8180,tcp,,,The remote service could be identified.,Nessus was able to identify the remote service by its banner or by looking at the error message it sends when it receives an HTTP request.,
11219,0,Nessus SYN scanner,8180,tcp,,,It is possible to determine which TCP ports are open.,"This plugin is a SYN 'half-open' port scanner.  It shall be reasonably quick even against a firewalled target.   Note that SYN scans are less intrusive than TCP (full connect) scans against broken services, but they might cause problems for less robust firewalls and also leave unclosed connections on the remote target, if the network is loaded.",Protect your target with an IP filter.
134862,4,Apache Tomcat AJP Connector Request Injection (Ghostcat),8009,tcp,cpe:/a:apache:tomcat,"CVE-2020-1745,CVE-2020-1938",There is a vulnerable AJP connector listening on the remote host.,"A file read/inclusion vulnerability was found in AJP connector. A  remote, unauthenticated attacker could exploit this vulnerability to read web application files from a vulnerable server. In instances where the vulnerable server allows file uploads, an attacker could upload malicious JavaServer Pages (JSP) code within a variety of file types and gain remote code execution (RCE).","Update the AJP configuration to require authorization and/or upgrade the Tomcat server to 7.0.100, 8.5.51, 9.0.31 or later."
21186,0,AJP Connector Detection,8009,tcp,,,There is an AJP connector listening on the remote host.,"The remote host is running an AJP (Apache JServ Protocol) connector, a service by which a standalone web server such as Apache communicates over TCP with a Java servlet container such as Tomcat.",
11219,0,Nessus SYN scanner,8009,tcp,,,It is possible to determine which TCP ports are open.,"This plugin is a SYN 'half-open' port scanner.  It shall be reasonably quick even against a firewalled target.   Note that SYN scans are less intrusive than TCP (full connect) scans against broken services, but they might cause problems for less robust firewalls and also leave unclosed connections on the remote target, if the network is loaded.",Protect your target with an IP filter.
46882,4,UnrealIRCd Backdoor Detection,6667,tcp,cpe:/a:unrealircd:unrealircd,CVE-2010-2075,The remote IRC server contains a backdoor.,The remote IRC server is a version of UnrealIRCd with a backdoor that allows an attacker to execute arbitrary code on the affected host.,"Re-download the software, verify it using the published MD5 / SHA1 checksums, and re-install it."
11156,0,IRC Daemon Version Detection,6667,tcp,,,The remote host is an IRC server.,This plugin determines the version of the IRC daemon.,
17975,0,Service Detection (GET request),6667,tcp,,,The remote service could be identified.,It was possible to identify the remote service by its banner or by looking at the error message it sends when it receives an HTTP request.,
11219,0,Nessus SYN scanner,6667,tcp,,,It is possible to determine which TCP ports are open.,"This plugin is a SYN 'half-open' port scanner.  It shall be reasonably quick even against a firewalled target.   Note that SYN scans are less intrusive than TCP (full connect) scans against broken services, but they might cause problems for less robust firewalls and also leave unclosed connections on the remote target, if the network is loaded.",Protect your target with an IP filter.
10407,1,X Server Detection,6000,tcp,,,An X11 server is listening on the remote host,"The remote host is running an X11 server.  X11 is a client-server protocol that can be used to display graphical applications running on a given host on a remote client.   Since the X11 traffic is not ciphered, it is possible for an attacker to eavesdrop on the connection.","Restrict access to this port. If the X11 client/server facility is not used, disable TCP support in X11 entirely (-nolisten tcp)."
11219,0,Nessus SYN scanner,6000,tcp,,,It is possible to determine which TCP ports are open.,"This plugin is a SYN 'half-open' port scanner.  It shall be reasonably quick even against a firewalled target.   Note that SYN scans are less intrusive than TCP (full connect) scans against broken services, but they might cause problems for less robust firewalls and also leave unclosed connections on the remote target, if the network is loaded.",Protect your target with an IP filter.
61708,4,VNC Server 'password' Password,5900,tcp,,,A VNC server running on the remote host is secured with a weak password.,"The VNC server running on the remote host is secured with a weak password.  Nessus was able to login using VNC authentication and a password of 'password'.  A remote, unauthenticated attacker could exploit this to take control of the system.",Secure the VNC service with a strong password.
65792,0,VNC Server Unencrypted Communication Detection,5900,tcp,,,A VNC server with one or more unencrypted 'security-types' is running on the remote host.,This script checks the remote VNC server protocol version and the available 'security types' to determine if any unencrypted 'security-types' are in use or available.,
19288,0,VNC Server Security Type Detection,5900,tcp,,,A VNC server is running on the remote host.,This script checks the remote VNC server protocol version and the available 'security types'.,
10342,0,VNC Software Detection,5900,tcp,,,The remote host is running a remote display software (VNC).,"The remote host is running VNC (Virtual Network Computing), which uses the RFB (Remote Framebuffer) protocol to provide remote access to graphical user interfaces and thus permits a console on the remote host to be displayed on another.",Make sure use of this software is done in accordance with your organization's security policy and filter incoming traffic to this port.
22964,0,Service Detection,5900,tcp,,,The remote service could be identified.,Nessus was able to identify the remote service by its banner or by looking at the error message it sends when it receives an HTTP request.,
11219,0,Nessus SYN scanner,5900,tcp,,,It is possible to determine which TCP ports are open.,"This plugin is a SYN 'half-open' port scanner.  It shall be reasonably quick even against a firewalled target.   Note that SYN scans are less intrusive than TCP (full connect) scans against broken services, but they might cause problems for less robust firewalls and also leave unclosed connections on the remote target, if the network is loaded.",Protect your target with an IP filter.
45411,2,SSL Certificate with Wrong Hostname,5432,tcp,,,The SSL certificate for this service is for a different host.,The 'commonName' (CN) attribute of the SSL certificate presented for this service is for a different machine.,Purchase or generate a proper SSL certificate for this service.
50845,0,OpenSSL Detection,5432,tcp,cpe:/a:openssl:openssl,,The remote service appears to use OpenSSL to encrypt traffic.,"Based on its response to a TLS request with a specially crafted server name extension, it seems that the remote service is using the OpenSSL library to encrypt traffic.  Note that this plugin can only detect OpenSSL implementations that have enabled support for TLS extensions (RFC 4366).",
51192,2,SSL Certificate Cannot Be Trusted,5432,tcp,,,The SSL certificate for this service cannot be trusted.,"The server's X.509 certificate cannot be trusted. This situation can occur in three different ways, in which the chain of trust can be broken, as stated below :    - First, the top of the certificate chain sent by the     server might not be descended from a known public     certificate authority. This can occur either when the     top of the chain is an unrecognized, self-signed     certificate, or when intermediate certificates are     missing that would connect the top of the certificate     chain to a known public certificate authority.    - Second, the certificate chain may contain a certificate     that is not valid at the time of the scan. This can     occur either when the scan occurs before one of the     certificate's 'notBefore' dates, or after one of the     certificate's 'notAfter' dates.    - Third, the certificate chain may contain a signature     that either didn't match the certificate's information     or could not be verified. Bad signatures can be fixed by     getting the certificate with the bad signature to be     re-signed by its issuer. Signatures that could not be     verified are the result of the certificate's issuer     using a signing algorithm that Nessus either does not     support or does not recognize.  If the remote host is a public host in production, any break in the chain makes it more difficult for users to verify the authenticity and identity of the web server. This could make it easier to carry out man-in-the-middle attacks against the remote host.",Purchase or generate a proper SSL certificate for this service.
57582,2,SSL Self-Signed Certificate,5432,tcp,,,The SSL certificate chain for this service ends in an unrecognized self-signed certificate.,"The X.509 certificate chain for this service is not signed by a recognized certificate authority.  If the remote host is a public host in production, this nullifies the use of SSL as anyone could establish a man-in-the-middle attack against the remote host.   Note that this plugin does not check for certificate chains that end in a certificate that is not self-signed, but is signed by an unrecognized certificate authority.",Purchase or generate a proper SSL certificate for this service.
15901,2,SSL Certificate Expiry,5432,tcp,,,The remote server's SSL certificate has already expired.,This plugin checks expiry dates of certificates associated with SSL- enabled services on the target and reports whether any have already expired.,Purchase or generate a new SSL certificate to replace the existing one.
70544,0,SSL Cipher Block Chaining Cipher Suites Supported,5432,tcp,,,"The remote service supports the use of SSL Cipher Block Chaining ciphers, which combine previous blocks with subsequent ones.","The remote host supports the use of SSL ciphers that operate in Cipher Block Chaining (CBC) mode.  These cipher suites offer additional security over Electronic Codebook (ECB) mode, but have the potential to leak information if used improperly.",
20007,4,SSL Version 2 and 3 Protocol Detection,5432,tcp,,,The remote service encrypts traffic using a protocol with known weaknesses.,"The remote service accepts connections encrypted using SSL 2.0 and/or SSL 3.0. These versions of SSL are affected by several cryptographic flaws, including:    - An insecure padding scheme with CBC ciphers.    - Insecure session renegotiation and resumption schemes.  An attacker can exploit these flaws to conduct man-in-the-middle attacks or to decrypt communications between the affected service and clients.  Although SSL/TLS has a secure means for choosing the highest supported version of the protocol (so that these versions will be used only if the client or server support nothing better), many web browsers implement this in an unsafe way that allows an attacker to downgrade a connection (such as in POODLE). Therefore, it is recommended that these protocols be disabled entirely.  NIST has determined that SSL 3.0 is no longer acceptable for secure communications. As of the date of enforcement found in PCI DSS v3.1, any version of SSL will not meet the PCI SSC's definition of 'strong cryptography'.",Consult the application's documentation to disable SSL 2.0 and 3.0. Use TLS 1.2 (with approved cipher suites) or higher instead.
57041,0,SSL Perfect Forward Secrecy Cipher Suites Supported,5432,tcp,,,"The remote service supports the use of SSL Perfect Forward Secrecy ciphers, which maintain confidentiality even if the key is stolen.",The remote host supports the use of SSL ciphers that offer Perfect Forward Secrecy (PFS) encryption.  These cipher suites ensure that recorded SSL traffic cannot be broken at a future date if the server's private key is compromised.,
156899,0,SSL/TLS Recommended Cipher Suites,5432,tcp,,,The remote host advertises discouraged SSL/TLS ciphers.,"The remote host has open SSL/TLS ports which advertise discouraged cipher suites. It is recommended to only enable support for the following cipher suites:  TLSv1.3:   - 0x13,0x01 TLS13_AES_128_GCM_SHA256   - 0x13,0x02 TLS13_AES_256_GCM_SHA384   - 0x13,0x03 TLS13_CHACHA20_POLY1305_SHA256  TLSv1.2:   - 0xC0,0x2B ECDHE-ECDSA-AES128-GCM-SHA256   - 0xC0,0x2F ECDHE-RSA-AES128-GCM-SHA256   - 0xC0,0x2C ECDHE-ECDSA-AES256-GCM-SHA384   - 0xC0,0x30 ECDHE-RSA-AES256-GCM-SHA384   - 0xCC,0xA9 ECDHE-ECDSA-CHACHA20-POLY1305   - 0xCC,0xA8 ECDHE-RSA-CHACHA20-POLY1305  This is the recommended configuration for the vast majority of services, as it is highly secure and compatible with nearly every client released in the last five (or more) years.",Only enable support for recommened cipher suites.
78479,2,SSLv3 Padding Oracle On Downgraded Legacy Encryption Vulnerability (POODLE),5432,tcp,,CVE-2014-3566,It is possible to obtain sensitive information from the remote host with SSL/TLS-enabled services.,"The remote host is affected by a man-in-the-middle (MitM) information disclosure vulnerability known as POODLE. The vulnerability is due to the way SSL 3.0 handles padding bytes when decrypting messages encrypted using block ciphers in cipher block chaining (CBC) mode. MitM attackers can decrypt a selected byte of a cipher text in as few as 256 tries if they are able to force a victim application to repeatedly send the same data over newly created SSL 3.0 connections.  As long as a client and service both support SSLv3, a connection can be 'rolled back' to SSLv3, even if TLSv1 or newer is supported by the client and service.  The TLS Fallback SCSV mechanism prevents 'version rollback' attacks without impacting legacy clients; however, it can only protect connections when the client and service support the mechanism. Sites that cannot disable SSLv3 immediately should enable this mechanism.  This is a vulnerability in the SSLv3 specification, not in any particular SSL implementation. Disabling SSLv3 is the only way to completely mitigate the vulnerability.",Disable SSLv3.  Services that must support SSLv3 should enable the TLS Fallback SCSV mechanism until SSLv3 can be disabled.
42873,2,SSL Medium Strength Cipher Suites Supported (SWEET32),5432,tcp,,CVE-2016-2183,The remote service supports the use of medium strength SSL ciphers.,"The remote host supports the use of SSL ciphers that offer medium strength encryption. Nessus regards medium strength as any encryption that uses key lengths at least 64 bits and less than 112 bits, or else that uses the 3DES encryption suite.  Note that it is considerably easier to circumvent medium strength encryption if the attacker is on the same physical network.",Reconfigure the affected application if possible to avoid use of medium strength ciphers.
65821,2,SSL RC4 Cipher Suites Supported (Bar Mitzvah),5432,tcp,,"CVE-2013-2566,CVE-2015-2808",The remote service supports the use of the RC4 cipher.,"The remote host supports the use of RC4 in one or more cipher suites. The RC4 cipher is flawed in its generation of a pseudo-random stream of bytes so that a wide variety of small biases are introduced into the stream, decreasing its randomness.  If plaintext is repeatedly encrypted (e.g., HTTP cookies), and an attacker is able to obtain many (i.e., tens of millions) ciphertexts, the attacker may be able to derive the plaintext.","Reconfigure the affected application, if possible, to avoid use of RC4 ciphers. Consider using TLS 1.2 with AES-GCM suites subject to browser and web server support."
104743,2,TLS Version 1.0 Protocol Detection,5432,tcp,,,The remote service encrypts traffic using an older version of TLS.,"The remote service accepts connections encrypted using TLS 1.0. TLS 1.0 has a number of cryptographic design flaws. Modern implementations of TLS 1.0 mitigate these problems, but newer versions of TLS like 1.2 and 1.3 are designed against these flaws and should be used whenever possible.  As of March 31, 2020, Endpoints that arenâ€™t enabled for TLS 1.2 and higher will no longer function properly with major web browsers and major vendors.  PCI DSS v3.2 requires that TLS 1.0 be disabled entirely by June 30, 2018, except for POS POI terminals (and the SSL/TLS termination points to which they connect) that can be verified as not being susceptible to any known exploits.","Enable support for TLS 1.2 and 1.3, and disable support for TLS 1.0."
21643,0,SSL Cipher Suites Supported,5432,tcp,,,The remote service encrypts communications using SSL.,This plugin detects which SSL ciphers are supported by the remote service for encrypting communications.,
45410,0,SSL Certificate 'commonName' Mismatch,5432,tcp,,,The 'commonName' (CN) attribute in the SSL certificate does not match the hostname.,The service running on the remote host presents an SSL certificate for which the 'commonName' (CN) attribute does not match the hostname on which the service listens.,"If the machine has several names, make sure that users connect to the service through the DNS hostname that matches the common name in the certificate."
10863,0,SSL Certificate Information,5432,tcp,,,This plugin displays the SSL certificate.,This plugin connects to every SSL-related port and attempts to extract and dump the X.509 certificate.,
32321,4,Debian OpenSSH/OpenSSL Package Random Number Generator Weakness (SSL check),5432,tcp,,CVE-2008-0166,The remote SSL certificate uses a weak key.,The remote x509 certificate on the remote SSL server has been generated on a Debian or Ubuntu system which contains a bug in the random number generator of its OpenSSL library.   The problem is due to a Debian packager removing nearly all sources of entropy in the remote version of OpenSSL.   An attacker can easily obtain the private part of the remote key and use this to decipher the remote session or set up a man in the middle attack.,"Consider all cryptographic material generated on the remote host to be guessable.  In particuliar, all SSH, SSL and OpenVPN key material should be re-generated."
62563,0,SSL Compression Methods Supported,5432,tcp,,,The remote service supports one or more compression methods for SSL connections.,This script detects which compression methods are supported by the remote service for SSL connections.,
56984,0,SSL / TLS Versions Supported,5432,tcp,,,The remote service encrypts communications.,This plugin detects which SSL and TLS versions are supported by the remote service for encrypting communications.,
118224,0,PostgreSQL STARTTLS Support,5432,tcp,cpe:/a:postgresql:postgresql,,The remote service supports encrypting traffic.,The remote PostgreSQL server supports the use of encryption initiated during pre-login to switch from a cleartext to an encrypted communications channel.,
26024,0,PostgreSQL Server Detection,5432,tcp,cpe:/a:postgresql:postgresql,,A database service is listening on the remote host.,"The remote service is a PostgreSQL database server, or a derivative such as EnterpriseDB.",Limit incoming traffic to this port if desired.
11219,0,Nessus SYN scanner,5432,tcp,,,It is possible to determine which TCP ports are open.,"This plugin is a SYN 'half-open' port scanner.  It shall be reasonably quick even against a firewalled target.   Note that SYN scans are less intrusive than TCP (full connect) scans against broken services, but they might cause problems for less robust firewalls and also leave unclosed connections on the remote target, if the network is loaded.",Protect your target with an IP filter.
11219,0,Nessus SYN scanner,3632,tcp,,,It is possible to determine which TCP ports are open.,"This plugin is a SYN 'half-open' port scanner.  It shall be reasonably quick even against a firewalled target.   Note that SYN scans are less intrusive than TCP (full connect) scans against broken services, but they might cause problems for less robust firewalls and also leave unclosed connections on the remote target, if the network is loaded.",Protect your target with an IP filter.
10719,0,MySQL Server Detection,3306,tcp,cpe:/a:mysql:mysql,,A database server is listening on the remote port.,"The remote host is running MySQL, an open source database server.",
10719,0,MySQL Server Detection,3306,tcp,cpe:/a:mysql:mysql,,A database server is listening on the remote port.,"The remote host is running MySQL, an open source database server.",
11153,0,Service Detection (HELP Request),3306,tcp,,,The remote service could be identified.,It was possible to identify the remote service by its banner or by looking at the error message it sends when it receives a 'HELP' request.,
11219,0,Nessus SYN scanner,3306,tcp,,,It is possible to determine which TCP ports are open.,"This plugin is a SYN 'half-open' port scanner.  It shall be reasonably quick even against a firewalled target.   Note that SYN scans are less intrusive than TCP (full connect) scans against broken services, but they might cause problems for less robust firewalls and also leave unclosed connections on the remote target, if the network is loaded.",Protect your target with an IP filter.
39519,0,Backported Security Patch Detection (FTP),2121,tcp,,,Security patches are backported.,Security patches may have been 'backported' to the remote FTP server without changing its version number.   Banner-based checks have been disabled to avoid false positives.   Note that this test is informational only and does not denote any security problem.,
10092,0,FTP Server Detection,2121,tcp,,,An FTP server is listening on a remote port.,It is possible to obtain the banner of the remote FTP server by connecting to a remote port.,
22964,0,Service Detection,2121,tcp,,,The remote service could be identified.,Nessus was able to identify the remote service by its banner or by looking at the error message it sends when it receives an HTTP request.,
11219,0,Nessus SYN scanner,2121,tcp,,,It is possible to determine which TCP ports are open.,"This plugin is a SYN 'half-open' port scanner.  It shall be reasonably quick even against a firewalled target.   Note that SYN scans are less intrusive than TCP (full connect) scans against broken services, but they might cause problems for less robust firewalls and also leave unclosed connections on the remote target, if the network is loaded.",Protect your target with an IP filter.
11111,0,RPC Services Enumeration,2049,udp,,,An ONC RPC service is running on the remote host.,"By sending a DUMP request to the portmapper, it was possible to enumerate the ONC RPC services running on the remote port.  Using this information, it is possible to connect and bind to each service by sending an RPC request to the remote port.",
42256,3,NFS Shares World Readable,2049,tcp,,,The remote NFS server exports world-readable shares.,"The remote NFS server is exporting one or more shares without restricting access (based on hostname, IP, or IP range).",Place the appropriate restrictions on all NFS shares.
10437,0,NFS Share Export List,2049,tcp,,,The remote NFS server exports a list of shares.,This plugin retrieves the list of NFS exported shares.,Ensure each share is intended to be exported.
11111,0,RPC Services Enumeration,2049,tcp,,,An ONC RPC service is running on the remote host.,"By sending a DUMP request to the portmapper, it was possible to enumerate the ONC RPC services running on the remote port.  Using this information, it is possible to connect and bind to each service by sending an RPC request to the remote port.",
11219,0,Nessus SYN scanner,2049,tcp,,,It is possible to determine which TCP ports are open.,"This plugin is a SYN 'half-open' port scanner.  It shall be reasonably quick even against a firewalled target.   Note that SYN scans are less intrusive than TCP (full connect) scans against broken services, but they might cause problems for less robust firewalls and also leave unclosed connections on the remote target, if the network is loaded.",Protect your target with an IP filter.
51988,4,Bind Shell Backdoor Detection,1524,tcp,,,The remote host may have been compromised.,A shell is listening on the remote port without any authentication being required. An attacker may use it by connecting to the remote port and sending commands directly.,"Verify if the remote host has been compromised, and reinstall the system if necessary."
22964,0,Service Detection,1524,tcp,,,The remote service could be identified.,Nessus was able to identify the remote service by its banner or by looking at the error message it sends when it receives an HTTP request.,
11219,0,Nessus SYN scanner,1524,tcp,,,It is possible to determine which TCP ports are open.,"This plugin is a SYN 'half-open' port scanner.  It shall be reasonably quick even against a firewalled target.   Note that SYN scans are less intrusive than TCP (full connect) scans against broken services, but they might cause problems for less robust firewalls and also leave unclosed connections on the remote target, if the network is loaded.",Protect your target with an IP filter.
22227,0,RMI Registry Detection,1099,tcp,cpe:/a:oracle:java_se,,An RMI registry is listening on the remote host.,"The remote host is running an RMI registry, which acts as a bootstrap naming service for registering and retrieving remote objects with simple names in the Java Remote Method Invocation (RMI) system.",
22227,0,RMI Registry Detection,1099,tcp,cpe:/a:oracle:java_se,,An RMI registry is listening on the remote host.,"The remote host is running an RMI registry, which acts as a bootstrap naming service for registering and retrieving remote objects with simple names in the Java Remote Method Invocation (RMI) system.",
11219,0,Nessus SYN scanner,1099,tcp,,,It is possible to determine which TCP ports are open.,"This plugin is a SYN 'half-open' port scanner.  It shall be reasonably quick even against a firewalled target.   Note that SYN scans are less intrusive than TCP (full connect) scans against broken services, but they might cause problems for less robust firewalls and also leave unclosed connections on the remote target, if the network is loaded.",Protect your target with an IP filter.
10245,3,rsh Service Detection,514,tcp,,CVE-1999-0651,The rsh service is running on the remote host.,"The rsh service is running on the remote host. This service is vulnerable since data is passed between the rsh client and server in cleartext. A man-in-the-middle attacker can exploit this to sniff logins and passwords. Also, it may allow poorly authenticated logins without passwords. If the host is vulnerable to TCP sequence number guessing (from any network) or IP spoofing (including ARP hijacking on a local network) then it may be possible to bypass authentication. Finally, rsh is an easy way to turn file-write access into full logins through the .rhosts or rhosts.equiv files.","Comment out the 'rsh' line in /etc/inetd.conf and restart the inetd process. Alternatively, disable this service and use SSH instead."
11219,0,Nessus SYN scanner,514,tcp,,,It is possible to determine which TCP ports are open.,"This plugin is a SYN 'half-open' port scanner.  It shall be reasonably quick even against a firewalled target.   Note that SYN scans are less intrusive than TCP (full connect) scans against broken services, but they might cause problems for less robust firewalls and also leave unclosed connections on the remote target, if the network is loaded.",Protect your target with an IP filter.
10205,3,rlogin Service Detection,513,tcp,,CVE-1999-0651,The rlogin service is running on the remote host.,"The rlogin service is running on the remote host. This service is vulnerable since data is passed between the rlogin client and server in cleartext. A man-in-the-middle attacker can exploit this to sniff logins and passwords. Also, it may allow poorly authenticated logins without passwords. If the host is vulnerable to TCP sequence number guessing (from any network) or IP spoofing (including ARP hijacking on a local network) then it may be possible to bypass authentication. Finally, rlogin is an easy way to turn file-write access into full logins through the .rhosts or rhosts.equiv files.","Comment out the 'login' line in /etc/inetd.conf and restart the inetd process. Alternatively, disable this service and use SSH instead."
11219,0,Nessus SYN scanner,513,tcp,,,It is possible to determine which TCP ports are open.,"This plugin is a SYN 'half-open' port scanner.  It shall be reasonably quick even against a firewalled target.   Note that SYN scans are less intrusive than TCP (full connect) scans against broken services, but they might cause problems for less robust firewalls and also leave unclosed connections on the remote target, if the network is loaded.",Protect your target with an IP filter.
11154,0,Unknown Service Detection: Banner Retrieval,512,tcp,,,There is an unknown service running on the remote host.,Nessus was unable to identify a service on the remote host even though it returned a banner of some type.,
11219,0,Nessus SYN scanner,512,tcp,,,It is possible to determine which TCP ports are open.,"This plugin is a SYN 'half-open' port scanner.  It shall be reasonably quick even against a firewalled target.   Note that SYN scans are less intrusive than TCP (full connect) scans against broken services, but they might cause problems for less robust firewalls and also leave unclosed connections on the remote target, if the network is loaded.",Protect your target with an IP filter.
57608,2,SMB Signing not required,445,tcp,,,Signing is not required on the remote SMB server.,"Signing is not required on the remote SMB server. An unauthenticated, remote attacker can exploit this to conduct man-in-the-middle attacks against the SMB server.","Enforce message signing in the host's configuration. On Windows, this is found in the policy setting 'Microsoft network server: Digitally sign communications (always)'. On Samba, the setting is called 'server signing'. See the 'see also' links for further details."
106716,0,Microsoft Windows SMB2 and SMB3 Dialects Supported (remote check),445,tcp,,,It was possible to obtain information about the dialects of SMB2 and SMB3 available on the remote host.,Nessus was able to obtain the set of SMB2 and SMB3 dialects running on the remote host by sending an authentication request to port 139 or 445.,
90509,3,Samba Badlock Vulnerability,445,tcp,cpe:/a:samba:samba,CVE-2016-2118,An SMB server running on the remote host is affected by the Badlock vulnerability.,"The version of Samba, a CIFS/SMB server for Linux and Unix, running on the remote host is affected by a flaw, known as Badlock, that exists in the Security Account Manager (SAM) and Local Security Authority (Domain Policy) (LSAD) protocols due to improper authentication level negotiation over Remote Procedure Call (RPC) channels. A man-in-the-middle attacker who is able to able to intercept the traffic between a client and a server hosting a SAM database can exploit this flaw to force a downgrade of the authentication level, which allows the execution of arbitrary Samba network calls in the context of the intercepted user, such as viewing or modifying sensitive security data in the Active Directory (AD) database or disabling critical services.",Upgrade to Samba version 4.2.11 / 4.3.8 / 4.4.2 or later.
100871,0,Microsoft Windows SMB Versions Supported (remote check),445,tcp,,,It was possible to obtain information about the version of SMB running on the remote host.,Nessus was able to obtain the version of SMB running on the remote host by sending an authentication request to port 139 or 445.  Note that this plugin is a remote check and does not work on agents.,
96982,0,Server Message Block (SMB) Protocol Version 1 Enabled (uncredentialed check),445,tcp,,,The remote host supports the SMBv1 protocol.,"The remote host (Windows and/or Samba server) supports Server Message Block Protocol version 1 (SMBv1). Microsoft recommends that users discontinue the use of SMBv1 due to the lack of security features that were included in later SMB versions. Additionally, most security and compliance agencies recommend that users disable SMBv1 per SMB best practices.","Disable SMBv1 according to the vendor instructions in Microsoft KB2696547. Additionally, block SMB directly by blocking TCP port 445 on all network boundary devices. For SMB over the NetBIOS API, block TCP ports 137 / 139 and UDP ports 137 / 138 on all network boundary devices."
10397,0,Microsoft Windows SMB LanMan Pipe Server Listing Disclosure,445,tcp,,,It is possible to obtain network information.,It was possible to obtain the browse list of the remote Windows system by sending a request to the LANMAN pipe. The browse list is the list of the nearest Windows systems of the remote host.,
104887,0,Samba Version,445,tcp,,,It was possible to obtain the samba version from the remote operating system.,Nessus was able to obtain the samba version from the remote operating by sending an authentication request to port 139 or 445. Note that this plugin requires SMB1 to be enabled on the host.,
11219,0,Nessus SYN scanner,445,tcp,,,It is possible to determine which TCP ports are open.,"This plugin is a SYN 'half-open' port scanner.  It shall be reasonably quick even against a firewalled target.   Note that SYN scans are less intrusive than TCP (full connect) scans against broken services, but they might cause problems for less robust firewalls and also leave unclosed connections on the remote target, if the network is loaded.",Protect your target with an IP filter.
10785,0,Microsoft Windows SMB NativeLanManager Remote System Information Disclosure,445,tcp,,,It was possible to obtain information about the remote operating system.,Nessus was able to obtain the remote operating system name and version (Windows and/or Samba) by sending an authentication request to port 139 or 445. Note that this plugin requires SMB to be enabled on the host.,
25240,0,Samba Server Detection,445,tcp,cpe:/a:samba:samba,,An SMB server is running on the remote host.,"The remote host is running Samba, a CIFS/SMB server for Linux and Unix.",
11011,0,Microsoft Windows SMB Service Detection,445,tcp,,,A file / print sharing service is listening on the remote host.,"The remote service understands the CIFS (Common Internet File System) or Server Message Block (SMB) protocol, used to provide shared access to files, printers, etc between nodes on a network.",
11219,0,Nessus SYN scanner,139,tcp,,,It is possible to determine which TCP ports are open.,"This plugin is a SYN 'half-open' port scanner.  It shall be reasonably quick even against a firewalled target.   Note that SYN scans are less intrusive than TCP (full connect) scans against broken services, but they might cause problems for less robust firewalls and also leave unclosed connections on the remote target, if the network is loaded.",Protect your target with an IP filter.
11011,0,Microsoft Windows SMB Service Detection,139,tcp,,,A file / print sharing service is listening on the remote host.,"The remote service understands the CIFS (Common Internet File System) or Server Message Block (SMB) protocol, used to provide shared access to files, printers, etc between nodes on a network.",
10150,0,Windows NetBIOS / SMB Remote Host Information Disclosure,137,udp,,,It was possible to obtain the network name of the remote host.,"The remote host is listening on UDP port 137 or TCP port 445, and replies to NetBIOS nbtscan or SMB requests.  Note that this plugin gathers information to be used in other plugins, but does not itself generate a report.",
11111,0,RPC Services Enumeration,111,udp,,,An ONC RPC service is running on the remote host.,"By sending a DUMP request to the portmapper, it was possible to enumerate the ONC RPC services running on the remote port.  Using this information, it is possible to connect and bind to each service by sending an RPC request to the remote port.",
10223,0,RPC portmapper Service Detection,111,udp,,CVE-1999-0632,An ONC RPC portmapper is running on the remote host.,The RPC portmapper is running on this port.  The portmapper allows someone to get the port number of each RPC service running on the remote host by sending either multiple lookup requests or a DUMP request.,
53335,0,RPC portmapper (TCP),111,tcp,,,An ONC RPC portmapper is running on the remote host.,The RPC portmapper is running on this port.   The portmapper allows someone to get the port number of each RPC service running on the remote host by sending either multiple lookup requests or a DUMP request.,
11111,0,RPC Services Enumeration,111,tcp,,,An ONC RPC service is running on the remote host.,"By sending a DUMP request to the portmapper, it was possible to enumerate the ONC RPC services running on the remote port.  Using this information, it is possible to connect and bind to each service by sending an RPC request to the remote port.",
11219,0,Nessus SYN scanner,111,tcp,,,It is possible to determine which TCP ports are open.,"This plugin is a SYN 'half-open' port scanner.  It shall be reasonably quick even against a firewalled target.   Note that SYN scans are less intrusive than TCP (full connect) scans against broken services, but they might cause problems for less robust firewalls and also leave unclosed connections on the remote target, if the network is loaded.",Protect your target with an IP filter.
39521,0,Backported Security Patch Detection (WWW),80,tcp,,,Security patches are backported.,Security patches may have been 'backported' to the remote HTTP server without changing its version number.  Banner-based checks have been disabled to avoid false positives.  Note that this test is informational only and does not denote any security problem.,
201352,4,Canonical Ubuntu Linux SEoL (8.04.x),80,tcp,cpe:/o:canonical:ubuntu_linux,,An unsupported version of Canonical Ubuntu Linux is installed on the remote host.,"According to its version, Canonical Ubuntu Linux is 8.04.x. It is, therefore, no longer maintained by its vendor or provider.  Lack of support implies that no new security patches for the product will be released by the vendor. As a result, it may contain security vulnerabilities.",Upgrade to a version of Canonical Ubuntu Linux that is currently supported.
84574,0,Backported Security Patch Detection (PHP),80,tcp,cpe:/a:php:php,,Security patches have been backported.,Security patches may have been 'backported' to the remote PHP install without changing its version number.  Banner-based checks have been disabled to avoid false positives.  Note that this test is informational only and does not denote any security problem.,
48204,0,Apache HTTP Server Version,80,tcp,cpe:/a:apache:http_server,,It is possible to obtain the version number of the remote Apache HTTP server.,"The remote host is running the Apache HTTP Server, an open source web server. It was possible to read the version number from the banner.",
24260,0,HyperText Transfer Protocol (HTTP) Information,80,tcp,,,Some information about the remote HTTP configuration can be extracted.,"This test gives some information about the remote HTTP protocol - the version used, whether HTTP Keep-Alive is enabled, etc...   This test is informational only and does not denote any security problem.",
48243,0,PHP Version Detection,80,tcp,cpe:/a:php:php,,It was possible to obtain the version number of the remote PHP installation.,Nessus was able to determine the version of PHP available on the remote web server.,
11424,0,WebDAV Detection,80,tcp,,,The remote server is running with WebDAV enabled.,"WebDAV is an industry standard extension to the HTTP specification. It adds a capability for authorized users to remotely add and manage the content of a web server.  If you do not use this extension, you should disable it.",http://support.microsoft.com/default.aspx?kbid=241520
11213,2,HTTP TRACE / TRACK Methods Allowed,80,tcp,,"CVE-2003-1567,CVE-2004-2320,CVE-2010-0386",Debugging functions are enabled on the remote web server.,The remote web server supports the TRACE and/or TRACK methods. TRACE and TRACK are HTTP methods that are used to debug web server connections.,Disable these HTTP methods. Refer to the plugin output for more information.
10107,0,HTTP Server Type and Version,80,tcp,,,A web server is running on the remote host.,This plugin attempts to determine the type and the version of the   remote web server.,
22964,0,Service Detection,80,tcp,,,The remote service could be identified.,Nessus was able to identify the remote service by its banner or by looking at the error message it sends when it receives an HTTP request.,
11219,0,Nessus SYN scanner,80,tcp,,,It is possible to determine which TCP ports are open.,"This plugin is a SYN 'half-open' port scanner.  It shall be reasonably quick even against a firewalled target.   Note that SYN scans are less intrusive than TCP (full connect) scans against broken services, but they might cause problems for less robust firewalls and also leave unclosed connections on the remote target, if the network is loaded.",Protect your target with an IP filter.
11819,0,TFTP Daemon Detection,69,udp,,,A TFTP server is listening on the remote port.,The remote host is running a TFTP (Trivial File Transfer Protocol) daemon. TFTP is often used by routers and diskless hosts to retrieve their configuration. It can also be used by worms to propagate.,Disable this service if you do not use it.
35371,0,DNS Server hostname.bind Map Hostname Disclosure,53,udp,cpe:/a:isc:bind,,The DNS server discloses the remote host name.,It is possible to learn the remote host name by querying the remote DNS server for 'hostname.bind' in the CHAOS domain.,It may be possible to disable this feature.  Consult the vendor's documentation for more information.
33447,2,Multiple Vendor DNS Query ID Field Prediction Cache Poisoning,53,udp,,CVE-2008-1447,The remote name resolver (or the server it uses upstream) is affected by a DNS cache poisoning vulnerability.,"The remote DNS resolver does not use random ports when making queries to third-party DNS servers. An unauthenticated, remote attacker can exploit this to poison the remote DNS server, allowing the attacker to divert legitimate traffic to arbitrary sites.",Contact your DNS server vendor for a patch.
136808,2,ISC BIND Denial of Service,53,udp,cpe:/a:isc:bind,CVE-2020-8617,The remote name server is affected by an assertion failure vulnerability.,"A denial of service (DoS) vulnerability exists in ISC BIND versions 9.11.18 / 9.11.18-S1 / 9.12.4-P2 / 9.13 / 9.14.11 / 9.15 / 9.16.2 / 9.17 / 9.17.1 and earlier. An unauthenticated, remote attacker can exploit this issue, via a specially-crafted message, to cause the service to stop responding.  Note that Nessus has not tested for this issue but has instead relied only on the application's self-reported version number.",Upgrade to the patched release most closely related to your current version of BIND.
139915,2,"ISC BIND 9.x < 9.11.22, 9.12.x < 9.16.6, 9.17.x < 9.17.4 DoS",53,udp,cpe:/a:isc:bind,CVE-2020-8622,The remote name server is affected by a denial of service vulnerability.,"According to its self-reported version number, the installation of ISC BIND running on the remote name server is version 9.x prior to 9.11.22, 9.12.x prior to 9.16.6 or 9.17.x prior to 9.17.4. It is, therefore, affected by a denial of service (DoS) vulnerability due to an assertion failure when attempting to verify a truncated response to a TSIG-signed request. An authenticated, remote attacker can exploit this issue by sending a truncated response to a TSIG-signed request to trigger an assertion failure, causing the server to exit.  Note that Nessus has not tested for this issue but has instead relied only on the application's self-reported version   number.","Upgrade to BIND 9.11.22, 9.16.6, 9.17.4 or later."
136769,3,ISC BIND Service Downgrade / Reflected DoS,53,udp,cpe:/a:isc:bind,CVE-2020-8616,The remote name server is affected by Service Downgrade / Reflected DoS vulnerabilities.,"According to its self-reported version, the instance of ISC BIND 9 running on the remote name server is affected by performance downgrade and Reflected DoS vulnerabilities. This is due to BIND DNS not sufficiently limiting the number fetches which may be performed while processing a referral response.  An unauthenticated, remote attacker can exploit this to cause degrade the service of the recursive server or to use the affected server as a reflector in a reflection attack.",Upgrade to the ISC BIND version referenced in the vendor advisory.
10028,0,DNS Server BIND version Directive Remote Version Detection,53,udp,cpe:/a:isc:bind,,It is possible to obtain the version number of the remote DNS server.,"The remote host is running BIND or another DNS server that reports its version number when it receives a special request for the text 'version.bind' in the domain 'chaos'.   This version is not necessarily accurate and could even be forged, as some DNS servers send the information based on a configuration file.",It is possible to hide the version number of BIND by using the 'version' directive in the 'options' section in named.conf.
12217,2,DNS Server Cache Snooping Remote Information Disclosure,53,udp,,,The remote DNS server is vulnerable to cache snooping attacks.,"The remote DNS server responds to queries for third-party domains that do not have the recursion bit set.   This may allow a remote attacker to determine which domains have recently been resolved via this name server, and therefore which hosts have been recently visited.   For instance, if an attacker was interested in whether your company utilizes the online services of a particular financial institution, they would be able to use this attack to build a statistical model regarding company usage of that financial institution.  Of course, the attack can also be used to find B2B partners, web-surfing patterns, external mail servers, and more.  Note: If this is an internal DNS server not accessible to outside networks, attacks would be limited to the internal network. This may include employees, consultants and potentially users on a guest network or WiFi connection if supported.",Contact the vendor of the DNS software for a fix.
11002,0,DNS Server Detection,53,udp,,,A DNS server is listening on the remote host.,"The remote service is a Domain Name System (DNS) server, which provides a mapping between hostnames and IP addresses.",Disable this service if it is not needed or restrict access to internal hosts only if the service is available externally.
72779,0,DNS Server Version Detection,53,tcp,,,Nessus was able to obtain version information on the remote DNS server.,"Nessus was able to obtain version information by sending a special TXT record query to the remote host.  Note that this version is not necessarily accurate and could even be forged, as some DNS servers send the information based on a configuration file.",
11002,0,DNS Server Detection,53,tcp,,,A DNS server is listening on the remote host.,"The remote service is a Domain Name System (DNS) server, which provides a mapping between hostnames and IP addresses.",Disable this service if it is not needed or restrict access to internal hosts only if the service is available externally.
11219,0,Nessus SYN scanner,53,tcp,,,It is possible to determine which TCP ports are open.,"This plugin is a SYN 'half-open' port scanner.  It shall be reasonably quick even against a firewalled target.   Note that SYN scans are less intrusive than TCP (full connect) scans against broken services, but they might cause problems for less robust firewalls and also leave unclosed connections on the remote target, if the network is loaded.",Protect your target with an IP filter.
52611,2,SMTP Service STARTTLS Plaintext Command Injection,25,tcp,,"CVE-2011-0411,CVE-2011-1430,CVE-2011-1431,CVE-2011-1432,CVE-2011-1506,CVE-2011-2165",The remote mail service allows plaintext command injection while negotiating an encrypted communications channel.,"The remote SMTP service contains a software flaw in its STARTTLS implementation that could allow a remote, unauthenticated attacker to inject commands during the plaintext protocol phase that will be executed during the ciphertext protocol phase.   Successful exploitation could allow an attacker to steal a victim's email or associated SASL (Simple Authentication and Security Layer) credentials.",Contact the vendor to see if an update is available.
45411,2,SSL Certificate with Wrong Hostname,25,tcp,,,The SSL certificate for this service is for a different host.,The 'commonName' (CN) attribute of the SSL certificate presented for this service is for a different machine.,Purchase or generate a proper SSL certificate for this service.
50845,0,OpenSSL Detection,25,tcp,cpe:/a:openssl:openssl,,The remote service appears to use OpenSSL to encrypt traffic.,"Based on its response to a TLS request with a specially crafted server name extension, it seems that the remote service is using the OpenSSL library to encrypt traffic.  Note that this plugin can only detect OpenSSL implementations that have enabled support for TLS extensions (RFC 4366).",
51192,2,SSL Certificate Cannot Be Trusted,25,tcp,,,The SSL certificate for this service cannot be trusted.,"The server's X.509 certificate cannot be trusted. This situation can occur in three different ways, in which the chain of trust can be broken, as stated below :    - First, the top of the certificate chain sent by the     server might not be descended from a known public     certificate authority. This can occur either when the     top of the chain is an unrecognized, self-signed     certificate, or when intermediate certificates are     missing that would connect the top of the certificate     chain to a known public certificate authority.    - Second, the certificate chain may contain a certificate     that is not valid at the time of the scan. This can     occur either when the scan occurs before one of the     certificate's 'notBefore' dates, or after one of the     certificate's 'notAfter' dates.    - Third, the certificate chain may contain a signature     that either didn't match the certificate's information     or could not be verified. Bad signatures can be fixed by     getting the certificate with the bad signature to be     re-signed by its issuer. Signatures that could not be     verified are the result of the certificate's issuer     using a signing algorithm that Nessus either does not     support or does not recognize.  If the remote host is a public host in production, any break in the chain makes it more difficult for users to verify the authenticity and identity of the web server. This could make it easier to carry out man-in-the-middle attacks against the remote host.",Purchase or generate a proper SSL certificate for this service.
56472,0,SSL Certificate Chain Contains Unnecessary Certificates,25,tcp,,,The X.509 certificate chain used by this service contains certificates that aren't required to form a path to the CA.,"At least one of the X.509 certificates sent by the remote host is not required to form a path from the server's own certificate to the CA. This may indicate that the certificate bundle installed with the server's certificate is for certificates lower in the certificate hierarchy.   Some SSL implementations, often those found in embedded devices, cannot handle certificate chains with unused certificates.",Remove unnecessary certificates from the certificate chain.
56471,0,SSL Certificate Chain Not Sorted,25,tcp,,,The X.509 certificate chain used by this service contains certificates that aren't in order.,"At least one of the X.509 certificates sent by the remote host is not in order.  Some certificate authorities publish certificate bundles that are in descending instead of ascending order, which is incorrect according to RFC 4346, Section 7.4.2.   Some SSL implementations, often those found in embedded devices, cannot handle unordered certificate chains.",Reorder the certificates in the certificate chain.
69551,1,SSL Certificate Chain Contains RSA Keys Less Than 2048 bits,25,tcp,,,The X.509 certificate chain used by this service contains certificates with RSA keys shorter than 2048 bits.,"At least one of the X.509 certificates sent by the remote host has a key that is shorter than 2048 bits. According to industry standards set by the Certification Authority/Browser (CA/B) Forum, certificates issued after January 1, 2014 must be at least 2048 bits.  Some browser SSL implementations may reject keys less than 2048 bits after January 1, 2014. Additionally, some SSL certificate vendors may revoke certificates less than 2048 bits before January 1, 2014.  Note that Nessus will not flag root certificates with RSA keys less than 2048 bits if they were issued prior to December 31, 2010, as the standard considers them exempt.","Replace the certificate in the chain with the RSA key less than 2048 bits in length with a longer key, and reissue any certificates signed by the old certificate."
15901,2,SSL Certificate Expiry,25,tcp,,,The remote server's SSL certificate has already expired.,This plugin checks expiry dates of certificates associated with SSL- enabled services on the target and reports whether any have already expired.,Purchase or generate a new SSL certificate to replace the existing one.
70544,0,SSL Cipher Block Chaining Cipher Suites Supported,25,tcp,,,"The remote service supports the use of SSL Cipher Block Chaining ciphers, which combine previous blocks with subsequent ones.","The remote host supports the use of SSL ciphers that operate in Cipher Block Chaining (CBC) mode.  These cipher suites offer additional security over Electronic Codebook (ECB) mode, but have the potential to leak information if used improperly.",
57041,0,SSL Perfect Forward Secrecy Cipher Suites Supported,25,tcp,,,"The remote service supports the use of SSL Perfect Forward Secrecy ciphers, which maintain confidentiality even if the key is stolen.",The remote host supports the use of SSL ciphers that offer Perfect Forward Secrecy (PFS) encryption.  These cipher suites ensure that recorded SSL traffic cannot be broken at a future date if the server's private key is compromised.,
156899,0,SSL/TLS Recommended Cipher Suites,25,tcp,,,The remote host advertises discouraged SSL/TLS ciphers.,"The remote host has open SSL/TLS ports which advertise discouraged cipher suites. It is recommended to only enable support for the following cipher suites:  TLSv1.3:   - 0x13,0x01 TLS13_AES_128_GCM_SHA256   - 0x13,0x02 TLS13_AES_256_GCM_SHA384   - 0x13,0x03 TLS13_CHACHA20_POLY1305_SHA256  TLSv1.2:   - 0xC0,0x2B ECDHE-ECDSA-AES128-GCM-SHA256   - 0xC0,0x2F ECDHE-RSA-AES128-GCM-SHA256   - 0xC0,0x2C ECDHE-ECDSA-AES256-GCM-SHA384   - 0xC0,0x30 ECDHE-RSA-AES256-GCM-SHA384   - 0xCC,0xA9 ECDHE-ECDSA-CHACHA20-POLY1305   - 0xCC,0xA8 ECDHE-RSA-CHACHA20-POLY1305  This is the recommended configuration for the vast majority of services, as it is highly secure and compatible with nearly every client released in the last five (or more) years.",Only enable support for recommened cipher suites.
42873,2,SSL Medium Strength Cipher Suites Supported (SWEET32),25,tcp,,CVE-2016-2183,The remote service supports the use of medium strength SSL ciphers.,"The remote host supports the use of SSL ciphers that offer medium strength encryption. Nessus regards medium strength as any encryption that uses key lengths at least 64 bits and less than 112 bits, or else that uses the 3DES encryption suite.  Note that it is considerably easier to circumvent medium strength encryption if the attacker is on the same physical network.",Reconfigure the affected application if possible to avoid use of medium strength ciphers.
104743,2,TLS Version 1.0 Protocol Detection,25,tcp,,,The remote service encrypts traffic using an older version of TLS.,"The remote service accepts connections encrypted using TLS 1.0. TLS 1.0 has a number of cryptographic design flaws. Modern implementations of TLS 1.0 mitigate these problems, but newer versions of TLS like 1.2 and 1.3 are designed against these flaws and should be used whenever possible.  As of March 31, 2020, Endpoints that arenâ€™t enabled for TLS 1.2 and higher will no longer function properly with major web browsers and major vendors.  PCI DSS v3.2 requires that TLS 1.0 be disabled entirely by June 30, 2018, except for POS POI terminals (and the SSL/TLS termination points to which they connect) that can be verified as not being susceptible to any known exploits.","Enable support for TLS 1.2 and 1.3, and disable support for TLS 1.0."
21643,0,SSL Cipher Suites Supported,25,tcp,,,The remote service encrypts communications using SSL.,This plugin detects which SSL ciphers are supported by the remote service for encrypting communications.,
45410,0,SSL Certificate 'commonName' Mismatch,25,tcp,,,The 'commonName' (CN) attribute in the SSL certificate does not match the hostname.,The service running on the remote host presents an SSL certificate for which the 'commonName' (CN) attribute does not match the hostname on which the service listens.,"If the machine has several names, make sure that users connect to the service through the DNS hostname that matches the common name in the certificate."
10863,0,SSL Certificate Information,25,tcp,,,This plugin displays the SSL certificate.,This plugin connects to every SSL-related port and attempts to extract and dump the X.509 certificate.,
56984,0,SSL / TLS Versions Supported,25,tcp,,,The remote service encrypts communications.,This plugin detects which SSL and TLS versions are supported by the remote service for encrypting communications.,
42088,0,SMTP Service STARTTLS Command Support,25,tcp,,,The remote mail service supports encrypting traffic.,The remote SMTP service supports the use of the 'STARTTLS' command to switch from a cleartext to an encrypted communications channel.,
10263,0,SMTP Server Detection,25,tcp,,,An SMTP server is listening on the remote port.,"The remote host is running a mail (SMTP) server on this port.   Since SMTP servers are the targets of spammers, it is recommended you disable it if you do not use it.","Disable this service if you do not use it, or filter incoming traffic to this port."
22964,0,Service Detection,25,tcp,,,The remote service could be identified.,Nessus was able to identify the remote service by its banner or by looking at the error message it sends when it receives an HTTP request.,
11219,0,Nessus SYN scanner,25,tcp,,,It is possible to determine which TCP ports are open.,"This plugin is a SYN 'half-open' port scanner.  It shall be reasonably quick even against a firewalled target.   Note that SYN scans are less intrusive than TCP (full connect) scans against broken services, but they might cause problems for less robust firewalls and also leave unclosed connections on the remote target, if the network is loaded.",Protect your target with an IP filter.
42263,2,Unencrypted Telnet Server,23,tcp,,,The remote Telnet server transmits traffic in cleartext.,"The remote host is running a Telnet server over an unencrypted channel.  Using Telnet over an unencrypted channel is not recommended as logins, passwords, and commands are transferred in cleartext. This allows a remote, man-in-the-middle attacker to eavesdrop on a Telnet session to obtain credentials or other sensitive information and to modify traffic exchanged between a client and server.  SSH is preferred over Telnet since it protects credentials from eavesdropping and can tunnel additional data streams such as an X11 session.",Disable the Telnet service and use SSH instead.
10281,0,Telnet Server Detection,23,tcp,,,A Telnet server is listening on the remote port.,"The remote host is running a Telnet server, a remote terminal server.",Disable this service if you do not use it.
22964,0,Service Detection,23,tcp,,,The remote service could be identified.,Nessus was able to identify the remote service by its banner or by looking at the error message it sends when it receives an HTTP request.,
11219,0,Nessus SYN scanner,23,tcp,,,It is possible to determine which TCP ports are open.,"This plugin is a SYN 'half-open' port scanner.  It shall be reasonably quick even against a firewalled target.   Note that SYN scans are less intrusive than TCP (full connect) scans against broken services, but they might cause problems for less robust firewalls and also leave unclosed connections on the remote target, if the network is loaded.",Protect your target with an IP filter.
39520,0,Backported Security Patch Detection (SSH),22,tcp,,,Security patches are backported.,Security patches may have been 'backported' to the remote SSH server without changing its version number.   Banner-based checks have been disabled to avoid false positives.   Note that this test is informational only and does not denote any security problem.,
181418,0,OpenSSH Detection,22,tcp,cpe:/a:openbsd:openssh,,An OpenSSH-based SSH server was detected on the remote host.,An OpenSSH-based SSH server was detected on the remote host.,
32314,4,Debian OpenSSH/OpenSSL Package Random Number Generator Weakness,22,tcp,,CVE-2008-0166,The remote SSH host keys are weak.,The remote SSH host key has been generated on a Debian or Ubuntu system which contains a bug in the random number generator of its OpenSSL library.  The problem is due to a Debian packager removing nearly all sources of entropy in the remote version of OpenSSL.  An attacker can easily obtain the private part of the remote key and use this to set up decipher the remote session  or set up a man in the middle attack.,"Consider all cryptographic material generated on the remote host to be guessable. In particuliar, all SSH, SSL and OpenVPN key material should be re-generated."
149334,0,SSH Password Authentication Accepted,22,tcp,,,The SSH server on the remote host accepts password authentication.,The SSH server on the remote host accepts password authentication.,
10881,0,SSH Protocol Versions Supported,22,tcp,,,A SSH server is running on the remote host.,This plugin determines the versions of the SSH protocol supported by the remote SSH daemon.,
70658,1,SSH Server CBC Mode Ciphers Enabled,22,tcp,cpe:/a:ssh:ssh,CVE-2008-5161,The SSH server is configured to use Cipher Block Chaining.,The SSH server is configured to support Cipher Block Chaining (CBC) encryption.  This may allow an attacker to recover the plaintext message from the ciphertext.   Note that this plugin only checks for the options of the SSH server and does not check for vulnerable software versions.,"Contact the vendor or consult product documentation to disable CBC mode cipher encryption, and enable CTR or GCM cipher mode encryption."
153588,0,SSH SHA-1 HMAC Algorithms Enabled,22,tcp,,,The remote SSH server is configured to enable SHA-1 HMAC algorithms.,"The remote SSH server is configured to enable SHA-1 HMAC algorithms.  Although NIST has formally deprecated use of SHA-1 for digital signatures, SHA-1 is still considered secure for HMAC as the security of HMAC does not rely on the underlying hash function being resistant to collisions.  Note that this plugin only checks for the options of the remote SSH server.",
90317,2,SSH Weak Algorithms Supported,22,tcp,,,The remote SSH server is configured to allow weak encryption algorithms or no algorithm at all.,Nessus has detected that the remote SSH server is configured to use the Arcfour stream cipher or no cipher at all. RFC 4253 advises against using Arcfour due to an issue with weak keys.,Contact the vendor or consult product documentation to remove the weak ciphers.
153953,1,SSH Weak Key Exchange Algorithms Enabled,22,tcp,,,The remote SSH server is configured to allow weak key exchange algorithms.,"The remote SSH server is configured to allow key exchange algorithms which are considered weak.  This is based on the IETF draft document Key Exchange (KEX) Method Updates and Recommendations for Secure Shell (SSH) RFC9142. Section 4 lists guidance on key exchange algorithms that SHOULD NOT and MUST NOT be enabled. This includes:    diffie-hellman-group-exchange-sha1    diffie-hellman-group1-sha1    gss-gex-sha1-*    gss-group1-sha1-*    gss-group14-sha1-*    rsa1024-sha1  Note that this plugin only checks for the options of the SSH server, and it does not check for vulnerable software versions.",Contact the vendor or consult product documentation to disable the weak algorithms.
71049,1,SSH Weak MAC Algorithms Enabled,22,tcp,,,The remote SSH server is configured to allow MD5 and 96-bit MAC algorithms.,"The remote SSH server is configured to allow either MD5 or 96-bit MAC algorithms, both of which are considered weak.  Note that this plugin only checks for the options of the SSH server, and it does not check for vulnerable software versions.",Contact the vendor or consult product documentation to disable MD5 and 96-bit MAC algorithms.
70657,0,SSH Algorithms and Languages Supported,22,tcp,,,An SSH server is listening on this port.,This script detects which algorithms and languages are supported by the remote service for encrypting communications.,
10267,0,SSH Server Type and Version Information,22,tcp,,,An SSH server is listening on this port.,It is possible to obtain information about the remote SSH server by sending an empty authentication request.,
22964,0,Service Detection,22,tcp,,,The remote service could be identified.,Nessus was able to identify the remote service by its banner or by looking at the error message it sends when it receives an HTTP request.,
11219,0,Nessus SYN scanner,22,tcp,,,It is possible to determine which TCP ports are open.,"This plugin is a SYN 'half-open' port scanner.  It shall be reasonably quick even against a firewalled target.   Note that SYN scans are less intrusive than TCP (full connect) scans against broken services, but they might cause problems for less robust firewalls and also leave unclosed connections on the remote target, if the network is loaded.",Protect your target with an IP filter.
52703,0,vsftpd Detection,21,tcp,cpe:/a:beasts:vsftpd,,An FTP server is listening on the remote port.,"The remote host is running vsftpd, an FTP server for UNIX-like systems written in C.",
10092,0,FTP Server Detection,21,tcp,,,An FTP server is listening on a remote port.,It is possible to obtain the banner of the remote FTP server by connecting to a remote port.,
22964,0,Service Detection,21,tcp,,,The remote service could be identified.,Nessus was able to identify the remote service by its banner or by looking at the error message it sends when it receives an HTTP request.,
11219,0,Nessus SYN scanner,21,tcp,,,It is possible to determine which TCP ports are open.,"This plugin is a SYN 'half-open' port scanner.  It shall be reasonably quick even against a firewalled target.   Note that SYN scans are less intrusive than TCP (full connect) scans against broken services, but they might cause problems for less robust firewalls and also leave unclosed connections on the remote target, if the network is loaded.",Protect your target with an IP filter.
10287,0,Traceroute Information,0,udp,,,It was possible to obtain traceroute information.,Makes a traceroute to the remote host.,
45590,0,Common Platform Enumeration (CPE),0,tcp,,,It was possible to enumerate CPE names that matched on the remote system.,"By using information obtained from a Nessus scan, this plugin reports CPE (Common Platform Enumeration) matches for various hardware and software products found on a host.   Note that if an official CPE is not available for the product, this plugin computes the best possible CPE based on the information available from the scan.",
117886,0,OS Security Patch Assessment Not Available,0,tcp,,,OS Security Patch Assessment is not available.,"OS Security Patch Assessment is not available on the remote host. This does not necessarily indicate a problem with the scan. Credentials may not have been provided, OS security patch assessment may not be supported for the target, the target may not have been identified, or another issue may have occurred that prevented OS security patch assessment from being available. See plugin output for details.  This plugin reports non-failure information impacting the availability of OS Security Patch Assessment. Failure information is reported by plugin 21745 : 'OS Security Patch Assessment failed'.  If a target host is not supported for OS Security Patch Assessment, plugin 110695 : 'OS Security Patch Assessment Checks Not Supported' will report concurrently with this plugin.",
19506,0,Nessus Scan Information,0,tcp,,,This plugin displays information about the Nessus scan.,"This plugin displays, for each tested host, information about the scan itself :    - The version of the plugin set.   - The type of scanner (Nessus or Nessus Home).   - The version of the Nessus Engine.   - The port scanner(s) used.   - The port range scanned.   - The ping round trip time    - Whether credentialed or third-party patch management     checks are possible.   - Whether the display of superseded patches is enabled   - The date of the scan.   - The duration of the scan.   - The number of hosts scanned in parallel.   - The number of checks done in parallel.",
66334,0,Patch Report,0,tcp,,,The remote host is missing several patches.,"The remote host is missing one or more security patches. This plugin lists the newest version of each patch to install to make sure the remote host is up-to-date.  Note: Because the 'Show missing patches that have been superseded' setting in your scan policy depends on this plugin, it will always run and cannot be disabled.",Install the patches listed below.
110723,0,Target Credential Status by Authentication Protocol - No Credentials Provided,0,tcp,,,"Nessus was able to find common ports used for local checks, however, no credentials were provided in the scan policy.","Nessus was not able to successfully authenticate directly to the remote target on an available authentication protocol. Nessus was able to connect to the remote port and identify that the service running on the port supports an authentication protocol, but Nessus failed to authenticate to the remote service using the provided credentials. There may have been a protocol failure that prevented authentication from being attempted or all of the provided credentials for the authentication protocol may be invalid. See plugin output for error details.  Please note the following :  - This plugin reports per protocol, so it is possible for   valid credentials to be provided for one protocol and not   another. For example, authentication may succeed via SSH   but fail via SMB, while no credentials were provided for   an available SNMP service.  - Providing valid credentials for all available   authentication protocols may improve scan coverage, but   the value of successful authentication for a given   protocol may vary from target to target depending upon   what data (if any) is gathered from the target via that   protocol. For example, successful authentication via SSH   is more valuable for Linux targets than for Windows   targets, and likewise successful authentication via SMB   is more valuable for Windows targets than for Linux   targets.",
54615,0,Device Type,0,tcp,,,It is possible to guess the remote device type.,"Based on the remote operating system, it is possible to determine what the remote system type is (eg: a printer, router, general-purpose computer, etc).",
209654,0,OS Fingerprints Detected,0,tcp,,,Multiple OS fingerprints were detected.,"Using a combination of remote probes (TCP/IP, SMB, HTTP, NTP, SNMP, etc), it was possible to gather one or more fingerprints from the remote system. While the highest-confidence result was reported in plugin 11936, â€œOS Identificationâ€, the complete set of fingerprints detected are reported here.",
11936,0,OS Identification,0,tcp,,,It is possible to guess the remote operating system.,"Using a combination of remote probes (e.g., TCP/IP, SMB, HTTP, NTP, SNMP, etc.), it is possible to guess the name of the remote operating system in use. It is also possible sometimes to guess the version of the operating system.",
35716,0,Ethernet Card Manufacturer Detection,0,tcp,,,The manufacturer can be identified from the Ethernet OUI.,Each ethernet MAC address starts with a 24-bit Organizationally Unique Identifier (OUI). These OUIs are registered by IEEE.,
20094,0,VMware Virtual Machine Detection,0,tcp,cpe:/a:vmware:vmware_server,,The remote host is a VMware virtual machine.,"According to the MAC address of its network adapter, the remote host is a VMware virtual machine.","Since it is physically accessible through the network, ensure that its configuration matches your organization's security policy."
86420,0,Ethernet MAC Addresses,0,tcp,,,This plugin gathers MAC addresses from various sources and consolidates them into a list.,"This plugin gathers MAC addresses discovered from both remote probing of the host (e.g. SNMP and Netbios) and from running local checks (e.g. ifconfig). It then consolidates the MAC addresses into a single, unique, and uniform list.",
18261,0,Apache Banner Linux Distribution Disclosure,0,tcp,cpe:/a:apache:http_server,,The name of the Linux distribution running on the remote host was found in the banner of the web server.,Nessus was able to extract the banner of the Apache web server and determine which Linux distribution the remote host is running.,"If you do not wish to display this information, edit 'httpd.conf' and set the directive 'ServerTokens Prod' and restart Apache."
25220,0,TCP/IP Timestamps Supported,0,tcp,,,The remote service implements TCP timestamps.,"The remote host implements TCP timestamps, as defined by RFC1323.  A side effect of this feature is that the uptime of the remote host can sometimes be computed.",
10114,1,ICMP Timestamp Request Remote Date Disclosure,0,icmp,,CVE-1999-0524,It is possible to determine the exact time set on the remote host.,"The remote host answers to an ICMP timestamp request.  This allows an attacker to know the date that is set on the targeted machine, which may assist an unauthenticated, remote attacker in defeating time-based authentication protocols.  Timestamps returned from machines running Windows Vista / 7 / 2008 / 2008 R2 are deliberately incorrect, but usually within 1000 seconds of the actual system time.","Filter out the ICMP timestamp requests (13), and the outgoing ICMP timestamp replies (14)."
